URL,Date


https://www.youtube.com/,"Tue, Apr 01 2025 at 03:41"
https://thepythoncode.com/,"Sat, Apr 05 2025 at 10:26"
https://thepythoncode.com/,"Sat, Apr 05 2025 at 10:26"
https://thepythoncode.com/,"Sat, Apr 05 2025 at 10:26"
https://www.accuweather.com/,"Sat, Apr 05 2025 at 10:31"
https://stackoverflow.com/questions,"Mon, Apr 07 2025 at 12:02"
https://stackoverflow.com/questions,"Mon, Apr 07 2025 at 12:02"
https://phishtank.org/,"Mon, Apr 07 2025 at 12:05"
https://nordvpn.com/,"Mon, Apr 07 2025 at 12:09"
https://www.expressvpn.com/,"Mon, Apr 07 2025 at 12:14"
https://www.youtube.com/,"Sat, Apr 12 2025 at 06:11"
https://www.youtube.com/,"Sat, Apr 12 2025 at 06:11"
https://thepythoncode.com/,"Sat, Apr 12 2025 at 08:28"
https://www.popeyes.com/,"Sat, Apr 12 2025 at 08:31"
https://www.target.com/,"Sat, Apr 12 2025 at 08:22"
https://schmear-bagels.com/,"Sun, Apr 13 2025 at 07:24"
https://surfshark.com/,"Sun, Apr 13 2025 at 07:53"
https://www.nintendo.com/us/,"Sun, Apr 13 2025 at 08:10"
https://www.youtube.com/,"Wed, Apr 16 2025 at 04:25"
https://www.cnn.com/,"Thu, Apr 17 2025 at 06:53"
https://www.cnn.com/,"Thu, Apr 17 2025 at 06:53"
https://www.youtube.com/,"Thu, Apr 17 2025 at 09:51"
https://www.youtube.com/,"Thu, Apr 17 2025 at 09:51"
https://www.ign.com/,"Thu, Apr 17 2025 at 10:58"
